{
  "responseHeader":{
    "status":0,
    "QTime":11,
    "params":{
      "q":"rawContent:(favourite AND game AND of AND all AND time)",
      "start":"0",
      "rows":"30"}},
  "response":{"numFound":26,"start":0,"numFoundExact":true,"docs":[
      {
        "verified":[false],
        "followersCount":[93],
        "rawContent":"Favourite games:Stardew Valley, Slime Rancher, Little Nightmares Least favourite:Subnautica(i like it, just don't play it much) Guilty Pleasure:Stardew Valley (i killed so much time with it) Most recently played:Inscryption @WE____EP @Louis_2507 i think you haven't done this yet",
        "date":["2023-02-13T15:04:00Z"],
        "replyCount":[0],
        "retweetCount":[1],
        "likeCount":[4.0],
        "url":["https://twitter.com/Pumpkin_Cryptid/status/1625148963631378433"],
        "game":["Stardew"],
        "processed":["['favourite', 'game', 'start', 'valley', 'slime', 'rancher', 'little', 'nightmares', 'least', 'favourite', 'subnautica', 'i', 'like', 'it', 'just', 'do', 'not', 'play', 'it', 'much', 'guilty', 'pleasure', 'start', 'valley', 'i', 'kill', 'so', 'much', 'time', 'with', 'it', 'most', 'recently', 'play', 'inscription', 'i', 'think', 'you', 'have', 'not', 'do', 'this', 'yet']"],
        "vader_preprocessing_text":["favourite games:stardew valley, slime rancher, little nightmares least favourite:subnautica(i like it, just do not play it much) guilty pleasure:stardew valley (i killed so much time with it) most recently played:inscryption   i think you have not done this yet"],
        "vader_neg":[0.208],
        "vader_neu":[0.736],
        "vader_pos":[0.056],
        "vader_comp":[-0.7805],
        "class":[-1],
        "TextBlob_Subjectivity":[0.407142857],
        "TextBlob_Polarity":[-0.069642857],
        "TextBlob_Analysis":[-1],
        "inference":[0],
        "final_class":[0.0],
        "id":"b9629811-4a90-4624-9136-12be119e4809",
        "_username":["Pumpkin_Cryptid"],
        "_version_":1761542277319098370},
      {
        "verified":[false],
        "followersCount":[1191],
        "rawContent":"I've now put 50 hours into #HogwartLegacy and can confirm it's still my new all time favourite game and I can't wait to start it all over again as a hufflepuff next time.",
        "date":["2023-02-11T00:43:00Z"],
        "replyCount":[0],
        "retweetCount":[0],
        "likeCount":[2.0],
        "url":["https://twitter.com/Mile_Zee/status/1624207385530171392"],
        "hashtags":["['HogwartLegacy']"],
        "game":["HGL"],
        "processed":["['i', 'have', 'now', 'put', '50', 'hours', 'into', 'and', 'can', 'confirm', 'it', 'be', 'still', 'my', 'new', 'all', 'time', 'favourite', 'game', 'and', 'i', 'cannot', 'wait', 'to', 'start', 'it', 'all', 'over', 'again', 'as', 'a', 'hufflepuff', 'next', 'time']"],
        "vader_preprocessing_text":["i have now put 50 hours into  and can confirm it is still my new all time favourite game and i cannot wait to start it all over again as a hufflepuff next time."],
        "vader_neg":[0.0],
        "vader_neu":[1.0],
        "vader_pos":[0.0],
        "vader_comp":[0.0],
        "class":[0],
        "TextBlob_Subjectivity":[0.284848485],
        "TextBlob_Polarity":[-0.087878788],
        "TextBlob_Analysis":[-1],
        "inference":[0],
        "final_class":[0.0],
        "id":"3ed17aa9-3483-4eb8-b337-6f3155737ceb",
        "_username":["Mile_Zee"],
        "_version_":1761542248036564992},
      {
        "verified":[false],
        "followersCount":[6],
        "rawContent":"I delved into Witcher 3 for the first time ever on PlayStation 5 and I was not disappointed at all. It's one of my favourite games of all time now. #TheWitcher3WildHunt #CDProjektRed #GOTY #TheWitcher #TheWitcher3 #Geralt #Yennefer #Ciri https://t.co/QzL222kb2v",
        "date":["2023-01-18T15:44:00Z"],
        "replyCount":[0],
        "retweetCount":[0],
        "likeCount":[2.0],
        "url":["https://twitter.com/Savantir07/status/1615736959254536193"],
        "hashtags":["['TheWitcher3WildHunt', 'CDProjektRed', 'GOTY', 'TheWitcher', 'TheWitcher3', 'Geralt', 'Yennefer', 'Ciri']"],
        "game":["Cyberpunk"],
        "processed":["['i', 'delve', 'into', 'pitcher', '3', 'for', 'the', 'first', 'time', 'ever', 'on', 'playstation', '5', 'and', 'i', 'be', 'not', 'disappoint', 'at', 'all', 'it', 'be', 'one', 'of', 'my', 'favourite', 'game', 'of', 'all', 'time', 'now', 'https', 't', 'co', 'qz222kb2v']"],
        "vader_preprocessing_text":["i delved into witcher 3 for the first time ever on playstation 5 and i was not disappointed at all. it is one of my favourite games of all time now.         "],
        "vader_neg":[0.0],
        "vader_neu":[0.911],
        "vader_pos":[0.089],
        "vader_comp":[0.3724],
        "class":[1],
        "TextBlob_Subjectivity":[0.541666667],
        "TextBlob_Polarity":[0.3125],
        "TextBlob_Analysis":[1],
        "inference":[1],
        "final_class":[1.0],
        "id":"7b1a5057-0447-4fd5-ac91-0c2f625ee1f9",
        "_username":["Savantir07"],
        "_version_":1761542289216241664},
      {
        "verified":[false],
        "followersCount":[17],
        "rawContent":"Happy 2nd Birthday #Cyberpunk2077! I took this Screenshot on Launch Day, little did I know that I was about to play my favourite game of all time. So happy that the team took their time to fix the game and I'm so excited for the #PhantomLiberty Expansion! https://t.co/uXjKP7aDQ8",
        "date":["2022-12-10T15:48:00Z"],
        "replyCount":[0],
        "retweetCount":[0],
        "likeCount":[2.0],
        "url":["https://twitter.com/mythoscreates/status/1601604851506745344"],
        "hashtags":["['Cyberpunk2077', 'PhantomLiberty']"],
        "game":["Cyberpunk"],
        "processed":["['happy', '2nd', 'birthday', 'i', 'take', 'this', 'screenshot', 'on', 'launch', 'day', 'little', 'do', 'i', 'know', 'that', 'i', 'be', 'about', 'to', 'play', 'my', 'favourite', 'game', 'of', 'all', 'time', 'so', 'happy', 'that', 'the', 'team', 'take', 'their', 'time', 'to', 'fix', 'the', 'game', 'and', 'i', 'be', 'so', 'excite', 'for', 'the', 'expansion', 'https', 't', 'co', 'uxjkp7add8']"],
        "vader_preprocessing_text":["happy 2nd birthday ! i took this screenshot on launch day, little did i know that i was about to play my favourite game of all time. so happy that the team took their time to fix the game and i am so excited for the  expansion! "],
        "vader_neg":[0.0],
        "vader_neu":[0.738],
        "vader_pos":[0.262],
        "vader_comp":[0.926],
        "class":[1],
        "TextBlob_Subjectivity":[0.578571429],
        "TextBlob_Polarity":[0.154464286],
        "TextBlob_Analysis":[1],
        "inference":[-1],
        "final_class":[-1.0],
        "id":"6c74da77-d65b-4823-9848-40742494cee9",
        "_username":["mythoscreates"],
        "_version_":1761542285837729793},
      {
        "verified":[false],
        "followersCount":[486],
        "rawContent":"stardew valley my friends @FancyPantsUno and matt had a farm on this game where they would fuck around for shits and giggles. i got curious and got he game for coop initially, but ended up getting WAAAY too into it and basically it ended up as one of my all time favourite games",
        "date":["2023-02-13T22:33:00Z"],
        "replyCount":[1],
        "retweetCount":[0],
        "likeCount":[2.0],
        "url":["https://twitter.com/wwhatevenisthis/status/1625261904707952640"],
        "game":["Stardew"],
        "processed":["['start', 'valley', 'my', 'friends', 'and', 'matt', 'have', 'a', 'farm', 'on', 'this', 'game', 'where', 'they', 'would', 'fuck', 'around', 'for', 'ship', 'and', 'goggle', 'i', 'get', 'curious', 'and', 'get', 'he', 'game', 'for', 'coop', 'initially', 'but', 'end', 'up', 'get', 'way', 'too', 'into', 'it', 'and', 'basically', 'it', 'end', 'up', 'as', 'one', 'of', 'my', 'all', 'time', 'favourite', 'game']"],
        "vader_preprocessing_text":["stardew valley my friends  and matt had a farm on this game where they would fuck around for shits and giggles. i got curious and got he game for coop initially, but ended up getting waaay too into it and basically it ended up as one of my all time favourite games"],
        "vader_neg":[0.079],
        "vader_neu":[0.827],
        "vader_pos":[0.094],
        "vader_comp":[-0.0516],
        "class":[-1],
        "TextBlob_Subjectivity":[0.48],
        "TextBlob_Polarity":[-0.26],
        "TextBlob_Analysis":[-1],
        "inference":[0],
        "final_class":[0.0],
        "id":"3f9062fc-a771-4102-8496-732d1fc6ca7a",
        "_username":["wwhatevenisthis"],
        "_version_":1761542275279618048},
      {
        "verified":[false],
        "followersCount":[66],
        "rawContent":"@MetaApesGame My all time favourite game: Stardew Valley https://t.co/HQUV1CN6sc",
        "date":["2023-02-14T16:00:00Z"],
        "replyCount":[0],
        "retweetCount":[0],
        "likeCount":[8.0],
        "url":["https://twitter.com/TaufikTamboli8/status/1625525460057849860"],
        "game":["Stardew"],
        "labels":[1.0],
        "processed":["['my', 'all', 'time', 'favourite', 'game', 'start', 'valley', 'https', 't', 'co', 'harv1cn6sc']"],
        "vader_preprocessing_text":[" my all time favourite game: stardew valley "],
        "vader_neg":[0.0],
        "vader_neu":[1.0],
        "vader_pos":[0.0],
        "vader_comp":[0.0],
        "class":[0],
        "TextBlob_Subjectivity":[0.4],
        "TextBlob_Polarity":[-0.4],
        "TextBlob_Analysis":[-1],
        "inference":[0],
        "final_class":[0.0],
        "id":"a24b889e-76cc-439c-88fa-0e7aae5d7e33",
        "_username":["TaufikTamboli8"],
        "_version_":1761542274528837633},
      {
        "verified":[false],
        "followersCount":[18],
        "rawContent":"After 100% this game i have to say that this is my favourite game of all time ÃƒÂ¢Ã‚ÂÃ‚Â¤ÃƒÂ¯Ã‚Â¸Ã‚Â #ELDEN_RING https://t.co/ilFoAyZOIA",
        "date":["2022-04-11T11:55:00Z"],
        "replyCount":[0],
        "retweetCount":[0],
        "likeCount":[1.0],
        "url":["https://twitter.com/zssprime/status/1513485967369412610"],
        "hashtags":["['ELDEN_RING']"],
        "game":["ELR"],
        "processed":["['after', '100', 'this', 'game', 'i', 'have', 'to', 'say', 'that', 'this', 'be', 'my', 'favourite', 'game', 'of', 'all', 'time', 'a', 'i', 'https', 't', 'co', 'ilfoayzoia']"],
        "vader_preprocessing_text":["after 100% this game i have to say that this is my favourite game of all time aC/aa$?a-a,a  "],
        "vader_neg":[0.0],
        "vader_neu":[1.0],
        "vader_pos":[0.0],
        "vader_comp":[0.0],
        "class":[0],
        "TextBlob_Subjectivity":[0.4],
        "TextBlob_Polarity":[-0.4],
        "TextBlob_Analysis":[-1],
        "inference":[1],
        "final_class":[1.0],
        "id":"6384bc9e-3e8e-41de-94e8-b3917d6a5b45",
        "_username":["zssprime"],
        "_version_":1761542312833318913},
      {
        "verified":[false],
        "followersCount":[233],
        "rawContent":"13 hours into #GodofWar and getting major Zelda: Ocarina of Time vibes. Which, as I mentioned on @DayBackin, is my favourite game of all time so IÃ‚Â’d say itÃ‚Â’s a good sign. Might have to go back and retroactively adjust my top 5 list from last year. https://t.co/z3Z14vIYYy",
        "date":["2019-01-30T23:32:00Z"],
        "replyCount":[0],
        "retweetCount":[0],
        "likeCount":[1.0],
        "url":["https://twitter.com/MichaelRPower/status/1090754595595452417"],
        "hashtags":["['GodofWar']"],
        "game":["GOW"],
        "processed":["['13', 'hours', 'into', 'and', 'get', 'major', 'zelda', 'care', 'of', 'time', 'vibes', 'which', 'as', 'i', 'mention', 'on', 'be', 'my', 'favourite', 'game', 'of', 'all', 'time', 'so', 'id', 'say', 'its', 'a', 'good', 'sign', 'might', 'have', 'to', 'go', 'back', 'and', 'retroactively', 'adjust', 'my', 'top', '5', 'list', 'from', 'last', 'year', 'https', 't', 'co', 'z3z14vinyl']"],
        "vader_preprocessing_text":["13 hours into  and getting major zelda: ocarina of time vibes. which, as i mentioned on , is my favourite game of all time so iad say itas a good sign. might have to go back and retroactively adjust my top 5 list from last year. "],
        "vader_neg":[0.0],
        "vader_neu":[0.895],
        "vader_pos":[0.105],
        "vader_comp":[0.5719],
        "class":[1],
        "TextBlob_Subjectivity":[0.344444444],
        "TextBlob_Polarity":[0.14375],
        "TextBlob_Analysis":[1],
        "inference":[1],
        "final_class":[1.0],
        "id":"fdb90481-24f9-41f8-a702-f2a583e237a6",
        "_username":["MichaelRPower"],
        "_version_":1761542262443999232},
      {
        "verified":[false],
        "followersCount":[158],
        "rawContent":"This game has become one of my all time favourite games. The graphics, the magic everything is great ÃƒÂ°Ã‚ÂŸÃ‚Â˜Ã‚ÂƒÃƒÂ°Ã‚ÂŸÃ‚Â˜Ã‚Âƒ #HogwartsLegacy https://t.co/ALZInnluqj",
        "date":["2023-02-15T23:38:00Z"],
        "replyCount":[0],
        "retweetCount":[0],
        "likeCount":[0.0],
        "url":["https://twitter.com/Jakebroadwell2/status/1626003086102695939"],
        "hashtags":["['HogwartsLegacy']"],
        "game":["HGL"],
        "processed":["['this', 'game', 'have', 'become', 'one', 'of', 'my', 'all', 'time', 'favourite', 'game', 'the', 'graphics', 'the', 'magic', 'everything', 'be', 'great', 'dd', 'https', 't', 'co', 'alzinnluqj']"],
        "vader_preprocessing_text":["this game has become one of my all time favourite games. the graphics, the magic everything is great adegaaaadegaaa  "],
        "vader_neg":[0.0],
        "vader_neu":[0.814],
        "vader_pos":[0.186],
        "vader_comp":[0.6249],
        "class":[1],
        "TextBlob_Subjectivity":[0.716666667],
        "TextBlob_Polarity":[0.3],
        "TextBlob_Analysis":[1],
        "inference":[1],
        "final_class":[1.0],
        "id":"1a5a3969-a7d9-413d-a12c-06554ed862d8",
        "_username":["Jakebroadwell2"],
        "_version_":1761542250646470657},
      {
        "verified":[false],
        "followersCount":[233],
        "rawContent":"Date night with.... #pacman Did you play this game back in the days ? I think this is my favourite game of all times ?? @mainglenn #gameoftheyear #pacmanforever #retrogame #arcade #arcadegames #backtothegame https://t.co/qbI1BvhwKj",
        "date":["2019-08-18T18:33:00Z"],
        "replyCount":[0],
        "retweetCount":[0],
        "likeCount":[1.0],
        "url":["https://twitter.com/mainglenn/status/1163157025519366144"],
        "hashtags":["['pacman', 'gameoftheyear', 'pacmanforever', 'retrogame', 'arcade', 'arcadegames', 'backtothegame']"],
        "game":["GOW"],
        "processed":["['date', 'night', 'with', 'do', 'you', 'play', 'this', 'game', 'back', 'in', 'the', 'days', 'i', 'think', 'this', 'be', 'my', 'favourite', 'game', 'of', 'all', 'time', 'https', 't', 'co', 'bi1bvhwkj']"],
        "vader_preprocessing_text":["date night   did you play this game back in the days ? i think this is my favourite game of all times ??        "],
        "vader_neg":[0.0],
        "vader_neu":[0.872],
        "vader_pos":[0.128],
        "vader_comp":[0.4479],
        "class":[1],
        "TextBlob_Subjectivity":[0.266666667],
        "TextBlob_Polarity":[-0.266666667],
        "TextBlob_Analysis":[-1],
        "inference":[1],
        "final_class":[1.0],
        "id":"4b7da187-e3ed-48bd-9370-0f24a9fa4d74",
        "_username":["mainglenn"],
        "_version_":1761542266195804161},
      {
        "verified":[false],
        "followersCount":[18],
        "rawContent":"Elden ring is my favourite game of all time, but i feel bad for horizon being paid dust like that ÃƒÂ°Ã‚ÂŸÃ‚Â˜ despite its shortcomings, this game is STUNNING and magical. #ELDEN_RING #HorizonForbiddenWest https://t.co/p66kEgydIU",
        "date":["2022-04-29T16:52:00Z"],
        "replyCount":[0],
        "retweetCount":[0],
        "likeCount":[0.0],
        "url":["https://twitter.com/zssprime/status/1520083590863859713"],
        "hashtags":["['ELDEN_RING', 'HorizonForbiddenWest']"],
        "game":["ELR"],
        "processed":["['elder', 'ring', 'be', 'my', 'favourite', 'game', 'of', 'all', 'time', 'but', 'i', 'feel', 'bad', 'for', 'horizon', 'be', 'pay', 'dust', 'like', 'that', 'd', 'despite', 'its', 'shortcomings', 'this', 'game', 'be', 'stun', 'and', 'magical', 'https', 't', 'co', 'p66kegydiu']"],
        "vader_preprocessing_text":["elden ring is my favourite game of all time, but i feel bad for horizon being paid dust like that adegaa despite its shortcomings, this game is stunning and magical.   "],
        "vader_neg":[0.127],
        "vader_neu":[0.695],
        "vader_pos":[0.178],
        "vader_comp":[0.2263],
        "class":[-1],
        "TextBlob_Subjectivity":[0.693333333],
        "TextBlob_Polarity":[-0.1],
        "TextBlob_Analysis":[-1],
        "inference":[1],
        "final_class":[1.0],
        "id":"dffffe39-d470-4c19-91db-9dd2d2579cf4",
        "_username":["zssprime"],
        "_version_":1761542313534816256},
      {
        "verified":[false],
        "followersCount":[54],
        "rawContent":"These are my type of experiences and makes me super happy that there thriving. For me tho it has to be Resident Evil 2, they took what was a great game and somehow not only made it better but one of my favourite video game experiences of all time #TheGameAwards",
        "date":["2019-11-19T23:44:00Z"],
        "replyCount":[0],
        "retweetCount":[0],
        "likeCount":[0.0],
        "url":["https://twitter.com/richeroberts/status/1196937386854359052"],
        "hashtags":["['TheGameAwards']"],
        "game":["GOW"],
        "processed":["['these', 'be', 'my', 'type', 'of', 'experience', 'and', 'make', 'me', 'super', 'happy', 'that', 'there', 'thrive', 'for', 'me', 'though', 'it', 'have', 'to', 'be', 'resident', 'evil', '2', 'they', 'take', 'what', 'be', 'a', 'great', 'game', 'and', 'somehow', 'not', 'only', 'make', 'it', 'better', 'but', 'one', 'of', 'my', 'favourite', 'video', 'game', 'experience', 'of', 'all', 'time']"],
        "vader_preprocessing_text":["these are my type of experiences and makes me super happy that there thriving. for me though it has to be resident evil 2, they took what was a great game and somehow not only made it better but one of my favourite video game experiences of all time "],
        "vader_neg":[0.049],
        "vader_neu":[0.782],
        "vader_pos":[0.169],
        "vader_comp":[0.6808],
        "class":[-1],
        "TextBlob_Subjectivity":[0.714583333],
        "TextBlob_Polarity":[0.079166667],
        "TextBlob_Analysis":[1],
        "inference":[1],
        "final_class":[1.0],
        "id":"56185654-a807-4b06-9d3c-27f30204ebba",
        "_username":["richeroberts"],
        "_version_":1761542268123086848},
      {
        "verified":[false],
        "followersCount":[5],
        "rawContent":"Bought the game yesterday, and itÃƒÂ¢Ã‚Â€Ã‚Â™s one of my favourite games of all time! iÃƒÂ¢Ã‚Â€Ã‚Â™ve always been amazing by J K Rowlings work and always thought about how harry potter could be turned into a perfect game. this is it! everything feels soooo good 10/10 #HogwartLegacy @HogwartsLegacy",
        "date":["2023-02-12T05:16:00Z"],
        "replyCount":[1],
        "retweetCount":[0],
        "likeCount":[0.0],
        "url":["https://twitter.com/Leefy_Treefy/status/1624638605829324801"],
        "hashtags":["['HogwartLegacy']"],
        "game":["HGL"],
        "processed":["['buy', 'the', 'game', 'yesterday', 'and', 'its', 'one', 'of', 'my', 'favourite', 'game', 'of', 'all', 'time', 'have', 'always', 'be', 'amaze', 'by', 'j', 'k', 'bowl', 'work', 'and', 'always', 'think', 'about', 'how', 'harry', 'potter', 'could', 'be', 'turn', 'into', 'a', 'perfect', 'game', 'this', 'be', 'it', 'everything', 'feel', 'soon', 'good', '10', '10']"],
        "vader_preprocessing_text":["bought the game yesterday, and itaC/aas one of my favourite games of all time! iaC/aave always been amazing by j k rowlings work and always thought about how harry potter could be turned into a perfect game. this is it! everything feels soooo good 10/10  "],
        "vader_neg":[0.0],
        "vader_neu":[0.78],
        "vader_pos":[0.22],
        "vader_comp":[0.8997],
        "class":[1],
        "TextBlob_Subjectivity":[0.66],
        "TextBlob_Polarity":[0.26],
        "TextBlob_Analysis":[1],
        "inference":[0],
        "final_class":[0.0],
        "id":"6edda8d5-1d6c-4172-8420-bd8038ddfb33",
        "_username":["Leefy_Treefy"],
        "_version_":1761542256999792640},
      {
        "verified":[false],
        "followersCount":[1724],
        "rawContent":"Bought Pharoah: A New Era as a day 1 purchase on Steam yesterday because itÃƒÂ¢Ã‚Â€Ã‚Â™s literally one of my favourite games of all time, but I canÃƒÂ¢Ã‚Â€Ã‚Â™t tear myself away from Stardew Valley at the moment. ItÃƒÂ¢Ã‚Â€Ã‚Â™s like a tug of war, but IÃƒÂ¢Ã‚Â€Ã‚Â™m the thing being tugged.",
        "date":["2023-02-16T09:50:00Z"],
        "replyCount":[2],
        "retweetCount":[0],
        "likeCount":[7.0],
        "url":["https://twitter.com/kitchh_/status/1626156996821979138"],
        "game":["Stardew"],
        "processed":["['buy', 'pharaoh', 'a', 'new', 'era', 'as', 'a', 'day', '1', 'purchase', 'on', 'steam', 'yesterday', 'because', 'its', 'literally', 'one', 'of', 'my', 'favourite', 'game', 'of', 'all', 'time', 'but', 'i', 'canal', 'tear', 'myself', 'away', 'from', 'start', 'valley', 'at', 'the', 'moment', 'its', 'like', 'a', 'tug', 'of', 'war', 'but', 'iam', 'the', 'thing', 'be', 'tag']"],
        "vader_preprocessing_text":["bought pharoah: a new era as a day 1 purchase on steam yesterday because itaC/aas literally one of my favourite games of all time, but i canaC/aat tear myself away from stardew valley at the moment. itaC/aas like a tug of war, but iaC/aam the thing being tugged."],
        "vader_neg":[0.108],
        "vader_neu":[0.827],
        "vader_pos":[0.066],
        "vader_comp":[-0.4767],
        "class":[-1],
        "TextBlob_Subjectivity":[0.454545455],
        "TextBlob_Polarity":[0.136363636],
        "TextBlob_Analysis":[1],
        "inference":[1],
        "final_class":[1.0],
        "id":"d8125071-97a5-47cb-9510-31d2c984a0dd",
        "_username":["kitchh_"],
        "_version_":1761542274996502530},
      {
        "verified":[false],
        "followersCount":[271],
        "rawContent":"My favourite game of all time, #GodofWar is Ã‚Â£22.34 on the @PlayStationUK store! If you're even intrigued in the slightest of what this incredible game has to offer then I highly recommend grabbing this bargain in the PlayStation - Days of Play sale. #DaysofPlay https://t.co/MoMC1hJfAl",
        "date":["2019-06-07T10:50:00Z"],
        "replyCount":[0],
        "retweetCount":[0],
        "likeCount":[0.0],
        "url":["https://twitter.com/LukeDieudonne11/status/1136948514641141761"],
        "hashtags":["['GodofWar', 'DaysofPlay']"],
        "game":["GOW"],
        "labels":[1.0],
        "processed":["['my', 'favourite', 'game', 'of', 'all', 'time', 'be', 'Px22', '34', 'on', 'the', 'store', 'if', 'you', 'be', 'even', 'intrigue', 'in', 'the', 'slightest', 'of', 'what', 'this', 'incredible', 'game', 'have', 'to', 'offer', 'then', 'i', 'highly', 'recommend', 'grab', 'this', 'bargain', 'in', 'the', 'playstation', 'days', 'of', 'play', 'sale', 'https', 't', 'co', 'mom1heal']"],
        "vader_preprocessing_text":["my favourite game of all time,  is aPS22.34 on the  store! if you are even intrigued in the slightest of what this incredible game has to offer then i highly recommend grabbing this bargain in the playstation - days of play sale.  "],
        "vader_neg":[0.0],
        "vader_neu":[0.835],
        "vader_pos":[0.165],
        "vader_comp":[0.7419],
        "class":[1],
        "TextBlob_Subjectivity":[0.56],
        "TextBlob_Polarity":[0.04],
        "TextBlob_Analysis":[1],
        "inference":[1],
        "final_class":[1.0],
        "id":"4c122524-eb3f-4c7b-ae30-8c31aa779edc",
        "_username":["LukeDieudonne11"],
        "_version_":1761542261354528768},
      {
        "verified":[false],
        "followersCount":[136],
        "rawContent":"@SuckerPunchProd @SonySantaMonica Both God of War and Ghost of Tsushima are my best 2 favourite Sony exclusive games of all time. ?????????",
        "date":["2020-12-20T14:02:00Z"],
        "replyCount":[0],
        "retweetCount":[0],
        "likeCount":[0.0],
        "url":["https://twitter.com/ATAndreiThomas/status/1340658915294523394"],
        "hashtags":["[]"],
        "game":["GOW"],
        "processed":["['both', 'god', 'of', 'war', 'and', 'ghost', 'of', 'tsushima', 'be', 'my', 'best', '2', 'favourite', 'sony', 'exclusive', 'game', 'of', 'all', 'time']"],
        "vader_preprocessing_text":["  both god of war and ghost of tsushima are my best 2 favourite sony exclusive games of all time. ?????????"],
        "vader_neg":[0.214],
        "vader_neu":[0.483],
        "vader_pos":[0.302],
        "vader_comp":[0.3736],
        "class":[-1],
        "TextBlob_Subjectivity":[0.3],
        "TextBlob_Polarity":[1.0],
        "TextBlob_Analysis":[1],
        "inference":[1],
        "final_class":[1.0],
        "id":"ad4b602d-52e4-438a-8804-e664032f5977",
        "_username":["ATAndreiThomas"],
        "_version_":1761542270996185089},
      {
        "verified":[false],
        "followersCount":[115],
        "rawContent":"#GodofWarRagnarok Platinum done. Without a doubt my GOTY and probably my all time favourite game series. Masterpiece https://t.co/aCqjZJq5FH",
        "date":["2022-11-27T12:25:00Z"],
        "replyCount":[0],
        "retweetCount":[0],
        "likeCount":[0.0],
        "url":["https://twitter.com/Baggins90/status/1596842749734834176"],
        "hashtags":["['GodofWarRagnarok']"],
        "game":["GOW"],
        "processed":["['platinum', 'do', 'without', 'a', 'doubt', 'my', 'get', 'and', 'probably', 'my', 'all', 'time', 'favourite', 'game', 'series', 'masterpiece', 'https', 't', 'co', 'acqjzjq5fh']"],
        "vader_preprocessing_text":[" platinum done. without a doubt my goty and probably my all time favourite game series. masterpiece "],
        "vader_neg":[0.0],
        "vader_neu":[0.677],
        "vader_pos":[0.323],
        "vader_comp":[0.7359],
        "class":[1],
        "TextBlob_Subjectivity":[0.4],
        "TextBlob_Polarity":[-0.4],
        "TextBlob_Analysis":[-1],
        "inference":[1],
        "final_class":[1.0],
        "id":"2b449958-8dfa-4f3a-b102-8b623051ab5b",
        "_username":["Baggins90"],
        "_version_":1761542265484869632},
      {
        "verified":[false],
        "followersCount":[218],
        "rawContent":"Love #CDProjektRED and #TheWitcher3WildHunt is by far my all time favourite game! ÃƒÂ°Ã‚ÂŸÃ‚Â˜Ã‚Â Can't wait to jump into this next-gen update! ÃƒÂ°Ã‚ÂŸÃ‚Â¤Ã‚Â© https://t.co/nyMS5fLq0D",
        "date":["2022-12-15T16:51:00Z"],
        "replyCount":[1],
        "retweetCount":[0],
        "likeCount":[3.0],
        "url":["https://twitter.com/GLITCHEDFox_/status/1603432677692112898"],
        "hashtags":["['CDProjektRED', 'TheWitcher3WildHunt']"],
        "game":["Cyberpunk"],
        "processed":["['love', 'and', 'be', 'by', 'far', 'my', 'all', 'time', 'favourite', 'game', 'd', 'cannot', 'wait', 'to', 'jump', 'into', 'this', 'next', 'gen', 'update', 'd', 'copyright', 'https', 't', 'co', 'noms5fly0d']"],
        "vader_preprocessing_text":["love  and  is by far my all time favourite game! adegaaa cannot wait to jump into this next-gen update! adegaa$?a(c) "],
        "vader_neg":[0.0],
        "vader_neu":[0.799],
        "vader_pos":[0.201],
        "vader_comp":[0.6988],
        "class":[1],
        "TextBlob_Subjectivity":[0.666666667],
        "TextBlob_Polarity":[-0.008333333],
        "TextBlob_Analysis":[-1],
        "inference":[1],
        "final_class":[1.0],
        "id":"9092d8ef-7d0f-4fd2-a6de-83c82a3b491f",
        "_username":["GLITCHEDFox_"],
        "_version_":1761542282054467584},
      {
        "verified":[false],
        "followersCount":[3940],
        "rawContent":"Finally finished Hogwarts legacy main game absolutely loved so much in the 42 hours IÃƒÂ¢Ã‚Â€Ã‚Â™ve spent so far definitely 1 of my favourite games of all time minus a few frame drops highly recommended it if you into Harry Potter or open world Story Based games #HogwartsLegacy",
        "date":["2023-02-17T08:39:00Z"],
        "replyCount":[2],
        "retweetCount":[0],
        "likeCount":[3.0],
        "url":["https://twitter.com/Lazybug47/status/1626501657147359235"],
        "hashtags":["['HogwartsLegacy']"],
        "game":["HGL"],
        "labels":[0.0],
        "processed":["['finally', 'finish', 'hogwarts', 'legacy', 'main', 'game', 'absolutely', 'love', 'so', 'much', 'in', 'the', '42', 'hours', 'have', 'spend', 'so', 'far', 'definitely', '1', 'of', 'my', 'favourite', 'game', 'of', 'all', 'time', 'minus', 'a', 'few', 'frame', 'drop', 'highly', 'recommend', 'it', 'if', 'you', 'into', 'harry', 'potter', 'or', 'open', 'world', 'story', 'base', 'game']"],
        "vader_preprocessing_text":["finally finished hogwarts legacy main game absolutely loved so much in the 42 hours iaC/aave spent so far definitely 1 of my favourite games of all time minus a few frame drops highly recommended it if you into harry potter or open world story based games "],
        "vader_neg":[0.0],
        "vader_neu":[0.816],
        "vader_pos":[0.184],
        "vader_comp":[0.8506],
        "class":[1],
        "TextBlob_Subjectivity":[0.464444444],
        "TextBlob_Polarity":[0.043888889],
        "TextBlob_Analysis":[1],
        "inference":[0],
        "final_class":[0.0],
        "id":"8c3d28f1-2aad-410f-a8a8-133e3d79f32c",
        "_username":["Lazybug47"],
        "_version_":1761542245977161728},
      {
        "verified":[false],
        "followersCount":[2175],
        "rawContent":"Finally finished God of War and what a game! Easilly one of my favourite games of all time. Brilliant storytelling along with combat that felt incredible to be in control of. Absolutely breathtaking. Oh, and that ending! ?? thanks, @corybarlog, @StudstillS + @SonySantaMonica https://t.co/maM363zuoc",
        "date":["2018-04-26T21:53:00Z"],
        "replyCount":[1],
        "retweetCount":[1],
        "likeCount":[3.0],
        "url":["https://twitter.com/GariClark/status/989623532685594627"],
        "hashtags":["[]"],
        "game":["GOW"],
        "processed":["['finally', 'finish', 'god', 'of', 'war', 'and', 'what', 'a', 'game', 'easily', 'one', 'of', 'my', 'favourite', 'game', 'of', 'all', 'time', 'brilliant', 'storytelling', 'along', 'with', 'combat', 'that', 'felt', 'incredible', 'to', 'be', 'in', 'control', 'of', 'absolutely', 'breathtaking', 'oh', 'and', 'that', 'end', 'thank', 'https', 't', 'co', 'mam363quot']"],
        "vader_preprocessing_text":["finally finished god of war and what a game! easilly one of my favourite games of all time. brilliant storytelling along with combat that felt incredible to be in control of. absolutely breathtaking. oh, and that ending! ?? thanks, ,  +  "],
        "vader_neg":[0.123],
        "vader_neu":[0.623],
        "vader_pos":[0.254],
        "vader_comp":[0.7742],
        "class":[-1],
        "TextBlob_Subjectivity":[0.75],
        "TextBlob_Polarity":[0.416666667],
        "TextBlob_Analysis":[1],
        "inference":[1],
        "final_class":[1.0],
        "id":"55eaef47-586b-475c-bb5d-0c8314e26401",
        "_username":["GariClark"],
        "_version_":1761542266883670017},
      {
        "verified":[false],
        "followersCount":[1011],
        "rawContent":"Finished God of War tonight. ItÃ‚Â’s easily in my top ten favourite games of all time. Masterfully done. I cannot wait for more. @corybarlog @SonySantaMonica",
        "date":["2018-05-17T04:02:00Z"],
        "replyCount":[0],
        "retweetCount":[1],
        "likeCount":[7.0],
        "url":["https://twitter.com/realbenfeldman/status/996964197270368256"],
        "hashtags":["[]"],
        "game":["GOW"],
        "processed":["['finish', 'god', 'of', 'war', 'tonight', 'its', 'easily', 'in', 'my', 'top', 'ten', 'favourite', 'game', 'of', 'all', 'time', 'masterful', 'do', 'i', 'cannot', 'wait', 'for', 'more']"],
        "vader_preprocessing_text":["finished god of war tonight. itas easily in my top ten favourite games of all time. masterfully done. i cannot wait for more.  "],
        "vader_neg":[0.138],
        "vader_neu":[0.638],
        "vader_pos":[0.223],
        "vader_comp":[0.1027],
        "class":[-1],
        "TextBlob_Subjectivity":[0.5],
        "TextBlob_Polarity":[0.5],
        "TextBlob_Analysis":[1],
        "inference":[1],
        "final_class":[1.0],
        "id":"f6d96db4-ebe1-4899-bb16-d0e5e327879a",
        "_username":["realbenfeldman"],
        "_version_":1761542273420492801},
      {
        "verified":[false],
        "followersCount":[0],
        "rawContent":"I can safely say after nearly over 200 hours on @CyberpunkGame that itÃƒÂ¢Ã‚Â€Ã‚Â™s my favourite single player game of all time #Cyberpunk2077 #cdpr #johnnysilverhand",
        "date":["2021-12-22T08:11:00Z"],
        "replyCount":[0],
        "retweetCount":[0],
        "likeCount":[0.0],
        "url":["https://twitter.com/Lewis79509746/status/1473566943059877891"],
        "hashtags":["['Cyberpunk2077', 'cdpr', 'johnnysilverhand']"],
        "game":["Cyberpunk"],
        "processed":["['i', 'can', 'safely', 'say', 'after', 'nearly', 'over', '200', 'hours', 'on', 'that', 'its', 'my', 'favourite', 'single', 'player', 'game', 'of', 'all', 'time']"],
        "vader_preprocessing_text":["i can safely say after nearly over 200 hours on  that itaC/aas my favourite single player game of all time   "],
        "vader_neg":[0.0],
        "vader_neu":[0.849],
        "vader_pos":[0.151],
        "vader_comp":[0.4939],
        "class":[1],
        "TextBlob_Subjectivity":[0.378571429],
        "TextBlob_Polarity":[0.032142857],
        "TextBlob_Analysis":[1],
        "inference":[1],
        "final_class":[1.0],
        "id":"8685ab37-ce6a-49ca-8b2e-9be80fbb2600",
        "_username":["Lewis79509746"],
        "_version_":1761542285177126914},
      {
        "verified":[false],
        "followersCount":[153],
        "rawContent":"@ScotchTape72MC One of my favourite games!! Stardew is one of the very few reasons for me staying up all night and not sleeping at one time. The ÃƒÂ¢Ã‚Â€Ã‚ÂœJust One More DayÃƒÂ¢Ã‚Â€Ã‚Â (JOM) addiction is REAL with Stardew!!!",
        "date":["2023-02-13T17:04:00Z"],
        "replyCount":[1],
        "retweetCount":[0],
        "likeCount":[2.0],
        "url":["https://twitter.com/is_lammy/status/1625179127744692224"],
        "game":["Stardew"],
        "processed":["['one', 'of', 'my', 'favourite', 'game', 'start', 'be', 'one', 'of', 'the', 'very', 'few', 'reason', 'for', 'me', 'stay', 'up', 'all', 'night', 'and', 'not', 'sleep', 'at', 'one', 'time', 'the', 'just', 'one', 'more', 'data', 'com', 'addiction', 'be', 'real', 'with', 'start']"],
        "vader_preprocessing_text":[" one of my favourite games!! stardew is one of the very few reasons for me staying up all night and not sleeping at one time. the aC/aajust one more dayaC/aa (jom) addiction is real with stardew!!!"],
        "vader_neg":[0.0],
        "vader_neu":[1.0],
        "vader_pos":[0.0],
        "vader_comp":[0.0],
        "class":[0],
        "TextBlob_Subjectivity":[0.31],
        "TextBlob_Polarity":[0.210208333],
        "TextBlob_Analysis":[1],
        "inference":[0],
        "final_class":[0.0],
        "id":"889fad83-a670-4ca3-b8d9-8f66d7f49403",
        "_username":["is_lammy"],
        "_version_":1761542277961875459},
      {
        "verified":[false],
        "followersCount":[661],
        "rawContent":"@CDPROJEKTRED I just had one of my favourite gaming experiences of all time in #Cyberpunk2077 in Pacifica after fixing the terminal. If everyone had half the fun I had sat next to #JohnnySilverhand then I can only dream of seeing more in the future. Thank you.",
        "date":["2023-03-06T05:11:00Z"],
        "replyCount":[0],
        "retweetCount":[0],
        "likeCount":[0.0],
        "url":["https://twitter.com/DeadBeatBert/status/1632609721537421312"],
        "hashtags":["['Cyberpunk2077', 'JohnnySilverhand']"],
        "game":["Cyberpunk"],
        "processed":["['i', 'just', 'have', 'one', 'of', 'my', 'favourite', 'game', 'experience', 'of', 'all', 'time', 'in', 'in', 'pacifica', 'after', 'fix', 'the', 'terminal', 'if', 'everyone', 'have', 'half', 'the', 'fun', 'i', 'have', 'sit', 'next', 'to', 'then', 'i', 'can', 'only', 'dream', 'of', 'see', 'more', 'in', 'the', 'future', 'thank', 'you']"],
        "vader_preprocessing_text":[" i just had one of my favourite gaming experiences of all time in  in pacifica after fixing the terminal. if everyone had half the fun i had sat next to  then i can only dream of seeing more in the future. thank you."],
        "vader_neg":[0.0],
        "vader_neu":[0.826],
        "vader_pos":[0.174],
        "vader_comp":[0.7783],
        "class":[1],
        "TextBlob_Subjectivity":[0.331944444],
        "TextBlob_Polarity":[0.105555556],
        "TextBlob_Analysis":[1],
        "inference":[0],
        "final_class":[0.0],
        "id":"770021c3-f442-42f5-9059-2a1c9e8498e3",
        "_username":["DeadBeatBert"],
        "_version_":1761542296280498177},
      {
        "verified":[false],
        "followersCount":[290],
        "rawContent":"Belated Happy Birthday to #monsterhunterworld , itÃƒÂ¢Ã‚Â€Ã‚Â™s still my favourite game of the whole Monster Hunter series and we even started making props and armour because of MHW!ÃƒÂ°Ã‚ÂŸÃ‚Â˜Ã‚Â† Although MHR had been released for a year already, MHW is still my all time best!ÃƒÂ°Ã‚ÂŸÃ‚Â¤Ã‚Â­ #monsterhunter https://t.co/2hDmdQvPs4",
        "date":["2022-01-27T22:04:00Z"],
        "replyCount":[0],
        "retweetCount":[2],
        "likeCount":[9.0],
        "url":["https://twitter.com/Nisuz_Craft/status/1486822399354060803"],
        "hashtags":["['monsterhunterworld', 'monsterhunter']"],
        "game":["MHW"],
        "processed":["['belated', 'happy', 'birthday', 'to', 'its', 'still', 'my', 'favourite', 'game', 'of', 'the', 'whole', 'monster', 'hunter', 'series', 'and', 'we', 'even', 'start', 'make', 'prop', 'and', 'armour', 'because', 'of', 'mw', 'd', 'although', 'hr', 'have', 'be', 'release', 'for', 'a', 'year', 'already', 'mw', 'be', 'still', 'my', 'all', 'time', 'best', 'd', 'https', 't', 'co', '2hdmdqvps4']"],
        "vader_preprocessing_text":["belated happy birthday to  , itaC/aas still my favourite game of the whole monster hunter series and we even started making props and armour because of mhw!adegaaa although mhr had been released for a year already, mhw is still my all time best!adegaa$?a  "],
        "vader_neg":[0.0],
        "vader_neu":[0.903],
        "vader_pos":[0.097],
        "vader_comp":[0.6467],
        "class":[1],
        "TextBlob_Subjectivity":[0.6],
        "TextBlob_Polarity":[0.2],
        "TextBlob_Analysis":[1],
        "inference":[1],
        "final_class":[1.0],
        "id":"f1541d54-1c2f-492e-9b55-deaaff0d8993",
        "_username":["Nisuz_Craft"],
        "_version_":1761542299497529344},
      {
        "verified":[false],
        "followersCount":[449],
        "rawContent":"I've been giving it a lot of thought lately,and especially after watching @LazerzZHD newest video about #GodofWar I can confirm that it has surpassed The Last of Us as my favourite game of all time. Now I need to get a God Of War tattoo as well as I already have a TLOU one",
        "date":["2018-04-27T22:48:00Z"],
        "replyCount":[1],
        "retweetCount":[1],
        "likeCount":[10.0],
        "url":["https://twitter.com/KacperKorol/status/989999676102410240"],
        "hashtags":["['GodofWar']"],
        "game":["GOW"],
        "processed":["['i', 'have', 'be', 'give', 'it', 'a', 'lot', 'of', 'think', 'lately', 'and', 'especially', 'after', 'watch', 'newest', 'video', 'about', 'i', 'can', 'confirm', 'that', 'it', 'have', 'surpass', 'the', 'last', 'of', 'us', 'as', 'my', 'favourite', 'game', 'of', 'all', 'time', 'now', 'i', 'need', 'to', 'get', 'a', 'god', 'of', 'war', 'tattoo', 'as', 'well', 'as', 'i', 'already', 'have', 'a', 'thou', 'one']"],
        "vader_preprocessing_text":["i have been giving it a lot of thought lately,and especially after watching  newest video about  i can confirm that it has surpassed the last of us as my favourite game of all time. now i need to get a god of war tattoo as well as i already have a tlou one"],
        "vader_neg":[0.074],
        "vader_neu":[0.8],
        "vader_pos":[0.126],
        "vader_comp":[0.1779],
        "class":[-1],
        "TextBlob_Subjectivity":[0.488888889],
        "TextBlob_Polarity":[-0.133333333],
        "TextBlob_Analysis":[-1],
        "inference":[1],
        "final_class":[1.0],
        "id":"1b21c018-25bd-4dbd-8772-41b6282cf020",
        "_username":["KacperKorol"],
        "_version_":1761542267699462144}]
  },
  "spellcheck":{
    "suggestions":[],
    "collations":[]}}
